y,x,,diff,Max diff,Min,,Max,,,Func num,a,b,c
-200,18.52,-198.5671596,1.432840428,3.024733493,-200,18.52,850,390.48,,0,0.001320815,2.270686805,-241.0733061
-199,18.95,-197.5694831,1.430516859,,,,,,,,,,
-198,19.38,-196.5713183,1.428681727,,,,,,,,,,
-197,19.82,-195.5494347,1.45056534,,,,,,,,,,
-196,20.25,-194.5502816,1.449718442,,,,,,,,,,
-195,20.68,-193.55064,1.449359981,,,,,,,,,,
-194,21.11,-192.55051,1.449489958,,,,,,,,,,
-193,21.54,-191.5498916,1.450108372,,,,,,,,,,
-192,21.97,-190.5487848,1.451215224,,,,,,,,,,
-191,22.4,-189.5471895,1.452810513,,,,,,,,,,
-190,22.83,-188.5451058,1.454894239,,,,,,,,,,
-189,23.25,-187.5658548,1.434145224,,,,,,,,,,
-188,23.68,-186.5628055,1.437194466,,,,,,,,,,
-187,24.11,-185.5592679,1.440732146,,,,,,,,,,
-186,24.54,-184.5552417,1.444758263,,,,,,,,,,
-185,24.97,-183.5507272,1.449272817,,,,,,,,,,
-184,25.39,-182.5691019,1.430898099,,,,,,,,,,
-183,25.82,-181.5636218,1.43637817,,,,,,,,,,
-182,26.24,-180.5810535,1.418946513,,,,,,,,,,
-181,26.67,-179.5746079,1.4253921,,,,,,,,,,
-180,27.1,-178.5676739,1.432326123,,,,,,,,,,
-179,27.52,-177.5836854,1.416314607,,,,,,,,,,
-178,27.95,-176.5757859,1.424214147,,,,,,,,,,
-177,28.37,-175.5908543,1.409145693,,,,,,,,,,
-176,28.8,-174.5819893,1.418010748,,,,,,,,,,
-175,29.22,-173.5961146,1.403885356,,,,,,,,,,
-174,29.64,-172.6097741,1.390225948,,,,,,,,,,
-173,30.07,-171.5994664,1.400533597,,,,,,,,,,
-172,30.49,-170.6121827,1.387817251,,,,,,,,,,
-171,30.91,-169.6244331,1.375566888,,,,,,,,,,
-170,31.34,-168.6126829,1.387317131,,,,,,,,,,
-169,31.76,-167.6239902,1.376009831,,,,,,,,,,
-168,32.18,-166.6348315,1.365168513,,,,,,,,,,
-167,32.6,-165.6452068,1.35479318,,,,,,,,,,
-166,33.02,-164.6551162,1.344883829,,,,,,,,,,
-165,33.44,-163.6645595,1.335440463,,,,,,,,,,
-164,33.86,-162.6735369,1.32646308,,,,,,,,,,
-163,34.28,-161.6820483,1.31795168,,,,,,,,,,
-162,34.7,-160.6900937,1.309906264,,,,,,,,,,
-161,35.12,-159.6976732,1.302326832,,,,,,,,,,
-160,35.54,-158.7047866,1.295213383,,,,,,,,,,
-159,35.96,-157.7114341,1.288565917,,,,,,,,,,
-158,36.38,-156.7176156,1.282384436,,,,,,,,,,
-157,36.8,-155.7233311,1.276668937,,,,,,,,,,
-156,37.22,-154.7285806,1.271419423,,,,,,,,,,
-155,37.64,-153.7333641,1.266635892,,,,,,,,,,
-154,38.05,-152.7613938,1.238606204,,,,,,,,,,
-153,38.47,-151.7652565,1.234743545,,,,,,,,,,
-152,38.89,-150.7686531,1.23134687,,,,,,,,,,
-151,39.31,-149.7715838,1.228416178,,,,,,,,,,
-150,39.72,-148.7978048,1.202195214,,,,,,,,,,
-149,40.14,-147.7998146,1.200185395,,,,,,,,,,
-148,40.56,-146.8013584,1.198641559,,,,,,,,,,
-147,40.97,-145.8262256,1.17377443,,,,,,,,,,
-146,41.39,-144.8268485,1.173151467,,,,,,,,,,
-145,41.8,-143.8508167,1.149183285,,,,,,,,,,
-144,42.22,-142.8505188,1.149481194,,,,,,,,,,
-143,42.63,-141.873588,1.126411959,,,,,,,,,,
-142,43.05,-140.8723693,1.12763074,,,,,,,,,,
-141,43.46,-139.8945395,1.105460451,,,,,,,,,,
-140,43.88,-138.8923999,1.107600105,,,,,,,,,,
-139,44.29,-137.9136712,1.086328763,,,,,,,,,,
-138,44.7,-136.9344985,1.06550148,,,,,,,,,,
-137,45.12,-135.9309831,1.069016894,,,,,,,,,,
-136,45.53,-134.9509114,1.049088557,,,,,,,,,,
-135,45.94,-133.9703957,1.029604279,,,,,,,,,,
-134,46.36,-132.9655045,1.034495454,,,,,,,,,,
-133,46.77,-131.9840899,1.015910122,,,,,,,,,,
-132,47.18,-131.0022312,0.997768848,,,,,,,,,,
-131,47.59,-130.0199284,0.980071632,,,,,,,,,,
-130,48,-129.0371815,0.962818474,,,,,,,,,,
-129,48.42,-128.0300048,0.969995188,,,,,,,,,,
-128,48.83,-127.046359,0.953640976,,,,,,,,,,
-127,49.24,-126.0622692,0.937730823,,,,,,,,,,
-126,49.65,-125.0777353,0.922264728,,,,,,,,,,
-125,50.06,-124.0927573,0.907242691,,,,,,,,,,
-124,50.47,-123.1073353,0.892664712,,,,,,,,,,
-123,50.88,-122.1214692,0.878530791,,,,,,,,,,
-122,51.29,-121.1351591,0.864840928,,,,,,,,,,
-121,51.7,-120.1484049,0.851595123,,,,,,,,,,
-120,52.11,-119.1612066,0.838793377,,,,,,,,,,
-119,52.52,-118.1735643,0.826435688,,,,,,,,,,
-118,52.93,-117.1854779,0.814522057,,,,,,,,,,
-117,53.34,-116.1969475,0.803052484,,,,,,,,,,
-116,53.75,-115.207973,0.792026969,,,,,,,,,,
-115,54.15,-114.2426919,0.75730807,,,,,,,,,,
-114,54.56,-113.2528402,0.74715984,,,,,,,,,,
-113,54.97,-112.2625443,0.737455669,,,,,,,,,,
-112,55.38,-111.2718044,0.728195555,,,,,,,,,,
-111,55.79,-110.2806205,0.7193795,,,,,,,,,,
-110,56.19,-109.3131838,0.68681617,,,,,,,,,,
-109,56.6,-108.3211226,0.6788774,,,,,,,,,,
-108,57.01,-107.3286173,0.671382688,,,,,,,,,,
-107,57.41,-106.3598915,0.640108475,,,,,,,,,,
-106,57.82,-105.366509,0.633491048,,,,,,,,,,
-105,58.23,-104.3726823,0.627317679,,,,,,,,,,
-104,58.63,-103.4026674,0.597332581,,,,,,,,,,
-103,59.04,-102.4079635,0.592036498,,,,,,,,,,
-102,59.44,-101.4370927,0.562907287,,,,,,,,,,
-101,59.85,-100.4415115,0.55848849,,,,,,,,,,
-100,60.26,-99.44548625,0.55451375,,,,,,,,,,
-99,60.66,-98.47332635,0.526673655,,,,,,,,,,
-98,61.07,-97.4764238,0.5235762,,,,,,,,,,
-97,61.47,-96.50340801,0.496591994,,,,,,,,,,
-96,61.88,-95.50562818,0.494371825,,,,,,,,,,
-95,62.28,-94.53175649,0.468243506,,,,,,,,,,
-94,62.68,-93.55746215,0.442537849,,,,,,,,,,
-93,63.09,-92.55837181,0.441628192,,,,,,,,,,
-92,63.49,-91.58322158,0.416778423,,,,,,,,,,
-91,63.9,-90.58325395,0.416746052,,,,,,,,,,
-90,64.3,-89.60724783,0.39275217,,,,,,,,,,
-89,64.7,-88.63081905,0.36918095,,,,,,,,,,
-88,65.11,-87.62954091,0.370459092,,,,,,,,,,
-87,65.51,-86.65225624,0.347743759,,,,,,,,,,
-86,65.91,-85.67454891,0.325451088,,,,,,,,,,
-85,66.31,-84.69641892,0.303581077,,,,,,,,,,
-84,66.72,-83.69339704,0.306602959,,,,,,,,,,
-83,67.12,-82.71441116,0.285588836,,,,,,,,,,
-82,67.52,-81.73500263,0.264997375,,,,,,,,,,
-81,67.92,-80.75517143,0.244828574,,,,,,,,,,
-80,68.33,-79.7504058,0.249594196,,,,,,,,,,
-79,68.73,-78.76971872,0.230281283,,,,,,,,,,
-78,69.13,-77.78860897,0.211391031,,,,,,,,,,
-77,69.53,-76.80707656,0.19292344,,,,,,,,,,
-76,69.93,-75.82512149,0.17487851,,,,,,,,,,
-75,70.33,-74.84274376,0.15725624,,,,,,,,,,
-74,70.73,-73.85994337,0.140056632,,,,,,,,,,
-73,71.13,-72.87672032,0.123279684,,,,,,,,,,
-72,71.53,-71.8930746,0.106925397,,,,,,,,,,
-71,71.93,-70.90900623,0.090993771,,,,,,,,,,
-70,72.33,-69.92451519,0.075484805,,,,,,,,,,
-69,72.73,-68.9396015,0.060398501,,,,,,,,,,
-68,73.13,-67.95426514,0.045734857,,,,,,,,,,
-67,73.53,-66.96850613,0.031493874,,,,,,,,,,
-66,73.93,-65.98232445,0.017675552,,,,,,,,,,
-65,74.33,-64.99572011,0.004279891,,,,,,,,,,
-64,74.73,-64.00869311,0.008693109,,,,,,,,,,
-63,75.13,-63.02124345,0.021243449,,,,,,,,,,
-62,75.53,-62.03337113,0.033371128,,,,,,,,,,
-61,75.93,-61.04507615,0.045076146,,,,,,,,,,
-60,76.33,-60.0563585,0.056358503,,,,,,,,,,
-59,76.73,-59.0672182,0.067218199,,,,,,,,,,
-58,77.12,-58.10239946,0.10239946,,,,,,,,,,
-57,77.52,-57.1124244,0.112424401,,,,,,,,,,
-56,77.92,-56.12202668,0.122026681,,,,,,,,,,
-55,78.32,-55.1312063,0.131206301,,,,,,,,,,
-54,78.72,-54.13996326,0.13996326,,,,,,,,,,
-53,79.11,-53.17309435,0.173094351,,,,,,,,,,
-52,79.51,-52.18101655,0.181016555,,,,,,,,,,
-51,79.91,-51.1885161,0.188516098,,,,,,,,,,
-50,80.31,-50.19559298,0.19559298,,,,,,,,,,
-49,80.7,-49.227086,0.227085997,,,,,,,,,,
-48,81.1,-48.23332812,0.233328123,,,,,,,,,,
-47,81.5,-47.23914759,0.239147589,,,,,,,,,,
-46,81.89,-46.26941463,0.269414626,,,,,,,,,,
-45,82.29,-45.27439934,0.274399337,,,,,,,,,,
-44,82.69,-44.27896139,0.278961387,,,,,,,,,,
-43,83.08,-43.30800244,0.308002442,,,,,,,,,,
-42,83.48,-42.31172974,0.311729737,,,,,,,,,,
-41,83.87,-41.33995691,0.339956907,,,,,,,,,,
-40,84.27,-40.34284945,0.342849447,,,,,,,,,,
-39,84.67,-39.34531933,0.345319326,,,,,,,,,,
-38,85.06,-38.37232051,0.372320514,,,,,,,,,,
-37,85.46,-37.37395564,0.373955638,,,,,,,,,,
-36,85.85,-36.40014294,0.400142941,,,,,,,,,,
-35,86.25,-35.40094331,0.40094331,,,,,,,,,,
-34,86.64,-34.42631673,0.426316726,,,,,,,,,,
-33,87.04,-33.42628234,0.42628234,,,,,,,,,,
-32,87.43,-32.45084187,0.45084187,,,,,,,,,,
-31,87.83,-31.44997273,0.449972729,,,,,,,,,,
-30,88.22,-30.47371837,0.473718373,,,,,,,,,,
-29,88.62,-29.47201448,0.472014476,,,,,,,,,,
-28,89.01,-28.49494623,0.494946234,,,,,,,,,,
-27,89.4,-27.5174762,0.517476199,,,,,,,,,,
-26,89.8,-26.51452545,0.514525453,,,,,,,,,,
-25,90.19,-25.53624153,0.536241533,,,,,,,,,,
-24,90.59,-24.53245603,0.532456032,,,,,,,,,,
-23,90.98,-23.55335823,0.553358225,,,,,,,,,,
-22,91.37,-22.57385863,0.573858626,,,,,,,,,,
-21,91.77,-21.56882628,0.568826276,,,,,,,,,,
-20,92.16,-20.58851279,0.588512791,,,,,,,,,,
-19,92.55,-19.60779751,0.607797514,,,,,,,,,,
-18,92.95,-18.60151831,0.601518314,,,,,,,,,,
-17,93.34,-17.61998915,0.619989151,,,,,,,,,,
-16,93.73,-16.6380582,0.638058196,,,,,,,,,,
-15,94.12,-15.65572545,0.655725449,,,,,,,,,,
-14,94.52,-14.64778731,0.647787305,,,,,,,,,,
-13,94.91,-13.66464067,0.664640672,,,,,,,,,,
-12,95.3,-12.68109225,0.681092247,,,,,,,,,,
-11,95.69,-11.69714203,0.69714203,,,,,,,,,,
-10,96.09,-10.68754494,0.687544942,,,,,,,,,,
-9,96.48,-9.702780839,0.702780839,,,,,,,,,,
-8,96.87,-8.717614944,0.717614944,,,,,,,,,,
-7,97.26,-7.732047257,0.732047257,,,,,,,,,,
-6,97.65,-6.746077777,0.746077777,,,,,,,,,,
-5,98.04,-5.759706506,0.759706506,,,,,,,,,,
-4,98.44,-4.747626286,0.747626286,,,,,,,,,,
-3,98.83,-3.760441129,0.760441129,,,,,,,,,,
-2,99.22,-2.77285418,0.77285418,,,,,,,,,,
-1,99.61,-1.784865439,0.784865439,,,,,,,,,,
0,100,-0.796474905,0.796474905,,,,,,,,,,
1,100.39,0.19231742,0.80768258,,,,,,,,,,
2,100.78,1.181511537,0.818488463,,,,,,,,,,
3,101.17,2.171107446,0.828892554,,,,,,,,,,
4,101.56,3.161105147,0.838894853,,,,,,,,,,
5,101.95,4.15150464,0.84849536,,,,,,,,,,
6,102.34,5.142305925,0.857694075,,,,,,,,,,
7,102.73,6.133509001,0.866490999,,,,,,,,,,
8,103.12,7.12511387,0.87488613,,,,,,,,,,
9,103.51,8.117120531,0.882879469,,,,,,,,,,
10,103.9,9.109528983,0.890471017,,,,,,,,,,
11,104.29,10.10233923,0.897660772,,,,,,,,,,
12,104.68,11.09555126,0.904448735,,,,,,,,,,
13,105.07,12.08916509,0.910834907,,,,,,,,,,
14,105.46,13.08318071,0.916819287,,,,,,,,,,
15,105.85,14.07759813,0.922401874,,,,,,,,,,
16,106.24,15.07241733,0.92758267,,,,,,,,,,
17,106.63,16.06763833,0.932361674,,,,,,,,,,
18,107.02,17.06326111,0.936738886,,,,,,,,,,
19,107.4,18.03374158,0.966258416,,,,,,,,,,
20,107.79,19.03015765,0.969842347,,,,,,,,,,
21,108.18,20.02697551,0.973024485,,,,,,,,,,
22,108.57,21.02419517,0.975804832,,,,,,,,,,
23,108.96,22.02181661,0.978183386,,,,,,,,,,
24,109.35,23.01983985,0.980160149,,,,,,,,,,
25,109.73,23.99265922,1.00734078,,,,,,,,,,
26,110.12,24.99147574,1.008524261,,,,,,,,,,
27,110.51,25.99069405,1.00930595,,,,,,,,,,
28,110.9,26.99031415,1.009685847,,,,,,,,,,
29,111.29,27.99033605,1.009663952,,,,,,,,,,
30,111.67,28.96510283,1.034897174,,,,,,,,,,
31,112.06,29.965918,1.034081998,,,,,,,,,,
32,112.45,30.96713497,1.03286503,,,,,,,,,,
33,112.83,31.94306618,1.056933821,,,,,,,,,,
34,113.22,32.94507643,1.054923571,,,,,,,,,,
35,113.61,33.94748847,1.052511529,,,,,,,,,,
36,114,34.9503023,1.049697695,,,,,,,,,,
37,114.38,35.92778943,1.072210566,,,,,,,,,,
38,114.77,36.93139655,1.068603451,,,,,,,,,,
39,115.15,37.90965662,1.090343381,,,,,,,,,,
40,115.54,38.91405702,1.085942985,,,,,,,,,,
41,115.93,39.9188592,1.081140796,,,,,,,,,,
42,116.31,40.8982837,1.101716295,,,,,,,,,,
43,116.7,41.90387917,1.096120825,,,,,,,,,,
44,117.08,42.88407662,1.115923384,,,,,,,,,,
45,117.47,43.89046537,1.109534632,,,,,,,,,,
46,117.86,44.89725591,1.102744088,,,,,,,,,,
47,118.24,45.87861778,1.121382216,,,,,,,,,,
48,118.63,46.88620161,1.113798391,,,,,,,,,,
49,119.01,47.86833642,1.131663578,,,,,,,,,,
50,119.4,48.87671353,1.123286471,,,,,,,,,,
51,119.78,49.85962128,1.140378717,,,,,,,,,,
52,120.17,50.86879167,1.131208329,,,,,,,,,,
53,120.55,51.85247237,1.147527634,,,,,,,,,,
54,120.94,52.86243604,1.137563964,,,,,,,,,,
55,121.32,53.84688967,1.153110328,,,,,,,,,,
56,121.71,54.85764662,1.142353377,,,,,,,,,,
57,122.09,55.8428732,1.1571268,,,,,,,,,,
58,122.47,56.82848123,1.171518772,,,,,,,,,,
59,122.86,57.84042295,1.159577049,,,,,,,,,,
60,123.24,58.82680392,1.17319608,,,,,,,,,,
61,123.63,59.83953892,1.160461076,,,,,,,,,,
62,124.01,60.82669283,1.173307166,,,,,,,,,,
63,124.39,61.8142282,1.185771804,,,,,,,,,,
64,124.78,62.82814797,1.171852029,,,,,,,,,,
65,125.16,63.81645627,1.183543726,,,,,,,,,,
66,125.54,64.80514603,1.194853972,,,,,,,,,,
67,125.93,65.82025057,1.179749426,,,,,,,,,,
68,126.31,66.80971327,1.190286731,,,,,,,,,,
69,126.69,67.79955742,1.200442585,,,,,,,,,,
70,127.08,68.81584673,1.184153267,,,,,,,,,,
71,127.46,69.80646382,1.19353618,,,,,,,,,,
72,127.84,70.79746236,1.202537641,,,,,,,,,,
73,128.22,71.78884235,1.211157651,,,,,,,,,,
74,128.61,72.80670793,1.193292073,,,,,,,,,,
75,128.99,73.79886086,1.201139142,,,,,,,,,,
76,129.37,74.79139524,1.208604759,,,,,,,,,,
77,129.75,75.78431107,1.215688926,,,,,,,,,,
78,130.13,76.77760836,1.22239164,,,,,,,,,,
79,130.52,77.79744169,1.202558312,,,,,,,,,,
80,130.9,78.79151191,1.208488086,,,,,,,,,,
81,131.28,79.78596359,1.214036408,,,,,,,,,,
82,131.66,80.78079672,1.219203279,,,,,,,,,,
83,132.04,81.7760113,1.223988699,,,,,,,,,,
84,132.42,82.77160733,1.228392667,,,,,,,,,,
85,132.8,83.76758482,1.232415183,,,,,,,,,,
86,133.18,84.76394375,1.236056249,,,,,,,,,,
87,133.57,85.7869193,1.213080702,,,,,,,,,,
88,133.95,86.78405117,1.215948826,,,,,,,,,,
89,134.33,87.7815645,1.218435499,,,,,,,,,,
90,134.71,88.77945928,1.220540721,,,,,,,,,,
91,135.09,89.77773551,1.222264491,,,,,,,,,,
92,135.47,90.77639319,1.22360681,,,,,,,,,,
93,135.85,91.77543232,1.224567677,,,,,,,,,,
94,136.23,92.77485291,1.225147093,,,,,,,,,,
95,136.61,93.77465494,1.225345058,,,,,,,,,,
96,136.99,94.77483843,1.225161571,,,,,,,,,,
97,137.37,95.77540337,1.224596633,,,,,,,,,,
98,137.75,96.77634976,1.223650244,,,,,,,,,,
99,138.13,97.7776776,1.222322403,,,,,,,,,,
100,138.51,98.77938689,1.22061311,,,,,,,,,,
101,138.88,99.75510194,1.244898063,,,,,,,,,,
102,139.26,100.7575641,1.242435906,,,,,,,,,,
103,139.64,101.7604077,1.239592298,,,,,,,,,,
104,140.02,102.7636328,1.236367238,,,,,,,,,,
105,140.4,103.7672393,1.232760727,,,,,,,,,,
106,140.78,104.7712272,1.228772765,,,,,,,,,,
107,141.16,105.7755966,1.224403351,,,,,,,,,,
108,141.54,106.7803475,1.219652486,,,,,,,,,,
109,141.91,107.7590241,1.240975906,,,,,,,,,,
110,142.29,108.7645278,1.235472177,,,,,,,,,,
111,142.67,109.770413,1.229586995,,,,,,,,,,
112,143.05,110.7766796,1.223320363,,,,,,,,,,
113,143.43,111.7833277,1.216672279,,,,,,,,,,
114,143.8,112.7638516,1.236148408,,,,,,,,,,
115,144.18,113.7712525,1.228747459,,,,,,,,,,
116,144.56,114.7790349,1.220965059,,,,,,,,,,
117,144.94,115.7871988,1.212801208,,,,,,,,,,
118,145.31,116.7691985,1.230801458,,,,,,,,,,
119,145.69,117.7781153,1.221884742,,,,,,,,,,
120,146.07,118.7874134,1.212586575,,,,,,,,,,
121,146.44,119.7705176,1.22948236,,,,,,,,,,
122,146.82,120.7805687,1.219431328,,,,,,,,,,
123,147.2,121.7910012,1.208998844,,,,,,,,,,
124,147.57,122.7752098,1.224790163,,,,,,,,,,
125,147.95,123.7863952,1.213604816,,,,,,,,,,
126,148.33,124.797962,1.202038016,,,,,,,,,,
127,148.7,125.7832751,1.21672487,,,,,,,,,,
128,149.08,126.7955948,1.204405206,,,,,,,,,,
129,149.46,127.8082959,1.191704091,,,,,,,,,,
130,149.83,128.7947135,1.205286479,,,,,,,,,,
131,150.21,129.8081675,1.191832499,,,,,,,,,,
132,150.58,130.7953182,1.204681834,,,,,,,,,,
133,150.96,131.809525,1.19047499,,,,,,,,,,
134,151.33,132.7974087,1.202591273,,,,,,,,,,
135,151.71,133.8123684,1.187631564,,,,,,,,,,
136,152.08,134.8009852,1.199014795,,,,,,,,,,
137,152.46,135.8166978,1.183302221,,,,,,,,,,
138,152.83,136.8060476,1.1939524,,,,,,,,,,
139,153.21,137.822513,1.177486962,,,,,,,,,,
140,153.58,138.8125959,1.187404088,,,,,,,,,,
141,153.96,139.8298142,1.170185785,,,,,,,,,,
142,154.33,140.8206301,1.179369859,,,,,,,,,,
143,154.71,141.8386013,1.161398691,,,,,,,,,,
144,155.08,142.8301503,1.169849713,,,,,,,,,,
145,155.46,143.8488743,1.151125681,,,,,,,,,,
146,155.83,144.8411564,1.15884365,,,,,,,,,,
147,156.2,145.8338,1.16619998,,,,,,,,,,
148,156.58,146.8536483,1.14635167,,,,,,,,,,
149,156.95,147.8470251,1.152974948,,,,,,,,,,
150,157.33,148.8676262,1.132373773,,,,,,,,,,
151,157.7,149.861736,1.138263998,,,,,,,,,,
152,158.07,150.8562074,1.143792584,,,,,,,,,,
153,158.45,151.8779329,1.122067132,,,,,,,,,,
154,158.82,152.8731373,1.126862666,,,,,,,,,,
155,159.19,153.8687034,1.13129656,,,,,,,,,,
156,159.56,154.8646312,1.135368816,,,,,,,,,,
157,159.94,155.8878523,1.112147673,,,,,,,,,,
158,160.31,156.8845131,1.115486876,,,,,,,,,,
159,160.68,157.8815356,1.118464439,,,,,,,,,,
160,161.05,158.8789196,1.121080364,,,,,,,,,,
161,161.43,159.9036365,1.09636353,,,,,,,,,,
162,161.8,160.9017536,1.098246402,,,,,,,,,,
163,162.17,161.9002324,1.099767635,,,,,,,,,,
164,162.54,162.8990728,1.100927229,,,,,,,,,,
165,162.91,163.8982748,1.101725184,,,,,,,,,,
166,163.29,164.9248588,1.075141246,,,,,,,,,,
167,163.66,165.9247939,1.075206148,,,,,,,,,,
168,164.03,166.9250906,1.074909411,,,,,,,,,,
169,164.4,167.925749,1.074251035,,,,,,,,,,
170,164.77,168.926769,1.07323102,,,,,,,,,,
171,165.14,169.9281506,1.071849366,,,,,,,,,,
172,165.51,170.9298939,1.070106073,,,,,,,,,,
173,165.89,171.9590878,1.040912204,,,,,,,,,,
174,166.26,172.9615641,1.038435858,,,,,,,,,,
175,166.63,173.9644021,1.035597873,,,,,,,,,,
176,167,174.9676018,1.032398249,,,,,,,,,,
177,167.37,175.971163,1.028836986,,,,,,,,,,
178,167.74,176.9750859,1.024914083,,,,,,,,,,
179,168.11,177.9793705,1.020629541,,,,,,,,,,
180,168.48,178.9840166,1.015983361,,,,,,,,,,
181,168.85,179.9890245,1.010975541,,,,,,,,,,
182,169.22,180.9943939,1.005606082,,,,,,,,,,
183,169.59,182.000125,0.999874983,,,,,,,,,,
184,169.96,183.0062178,0.993782246,,,,,,,,,,
185,170.33,184.0126721,0.987327869,,,,,,,,,,
186,170.7,185.0194881,0.980511854,,,,,,,,,,
187,171.07,186.0266658,0.973334199,,,,,,,,,,
188,171.43,187.0069695,0.993030451,,,,,,,,,,
189,171.8,188.0148607,0.985139292,,,,,,,,,,
190,172.17,189.0231135,0.976886494,,,,,,,,,,
191,172.54,190.0317279,0.968272056,,,,,,,,,,
192,172.91,191.040704,0.959295979,,,,,,,,,,
193,173.28,192.0500417,0.949958263,,,,,,,,,,
194,173.65,193.0597411,0.940258908,,,,,,,,,,
195,174.02,194.0698021,0.930197914,,,,,,,,,,
196,174.38,195.0529112,0.947088755,,,,,,,,,,
197,174.75,196.0636857,0.936314257,,,,,,,,,,
198,175.12,197.0748219,0.925178119,,,,,,,,,,
199,175.49,198.0863197,0.913680342,,,,,,,,,,
200,175.86,199.0981791,0.901820926,,,,,,,,,,
201,176.22,200.083038,0.916961952,,,,,,,,,,
202,176.59,201.095611,0.904389032,,,,,,,,,,
203,176.96,202.1085455,0.891454472,,,,,,,,,,
204,177.33,203.1218417,0.878158274,,,,,,,,,,
205,177.69,204.1080987,0.891901348,,,,,,,,,,
206,178.06,205.1221084,0.877891645,,,,,,,,,,
207,178.43,206.1364797,0.863520303,,,,,,,,,,
208,178.79,207.1237827,0.876217293,,,,,,,,,,
209,179.16,208.1388676,0.861132446,,,,,,,,,,
210,179.53,209.154314,0.845685961,,,,,,,,,,
211,179.89,210.1426631,0.857336865,,,,,,,,,,
212,180.26,211.1588231,0.841176875,,,,,,,,,,
213,180.63,212.1753448,0.824655246,,,,,,,,,,
214,180.99,213.1647399,0.835260064,,,,,,,,,,
215,181.36,214.1819751,0.818024931,,,,,,,,,,
216,181.72,215.1720645,0.827935529,,,,,,,,,,
217,182.09,216.1900131,0.809986891,,,,,,,,,,
218,182.46,217.2083234,0.791676614,,,,,,,,,,
219,182.82,218.1994589,0.800541127,,,,,,,,,,
220,183.19,219.2184827,0.781517346,,,,,,,,,,
221,183.55,220.2103124,0.789687638,,,,,,,,,,
222,183.92,221.2300496,0.769950352,,,,,,,,,,
223,184.28,222.2225736,0.777426424,,,,,,,,,,
224,184.65,223.2430244,0.756975634,,,,,,,,,,
225,185.01,224.2362425,0.763757485,,,,,,,,,,
226,185.38,225.2574068,0.742593191,,,,,,,,,,
227,185.74,226.2513192,0.748680822,,,,,,,,,,
228,186.11,227.273197,0.726803024,,,,,,,,,,
229,186.47,228.2678036,0.732196434,,,,,,,,,,
230,186.84,229.2903949,0.709605132,,,,,,,,,,
231,187.2,230.2856957,0.714304322,,,,,,,,,,
232,187.56,231.2813388,0.718661156,,,,,,,,,,
233,187.93,232.3049955,0.695004484,,,,,,,,,,
234,188.29,233.3013329,0.698667099,,,,,,,,,,
235,188.66,234.3257031,0.674296922,,,,,,,,,,
236,189.02,235.3227347,0.677265316,,,,,,,,,,
237,189.38,236.3201086,0.679891355,,,,,,,,,,
238,189.75,237.3455442,0.654455809,,,,,,,,,,
239,190.11,238.3436124,0.656387627,,,,,,,,,,
240,190.47,239.3420229,0.65797709,,,,,,,,,,
241,190.84,240.3685238,0.631476175,,,,,,,,,,
242,191.2,241.3676286,0.632371418,,,,,,,,,,
243,191.56,242.3670757,0.632924305,,,,,,,,,,
244,191.92,243.3668652,0.633134837,,,,,,,,,,
245,192.29,244.3947833,0.605216688,,,,,,,,,,
246,192.65,245.395267,0.604732999,,,,,,,,,,
247,193.01,246.396093,0.603906956,,,,,,,,,,
248,193.37,247.3972614,0.602738557,,,,,,,,,,
249,193.74,248.4265968,0.573403173,,,,,,,,,,
250,194.1,249.4284594,0.571540553,,,,,,,,,,
251,194.46,250.4306644,0.569335579,,,,,,,,,,
252,194.82,251.4332118,0.566788249,,,,,,,,,,
253,195.18,252.4361014,0.563898564,,,,,,,,,,
254,195.55,253.4672059,0.53279408,,,,,,,,,,
255,195.91,254.4707898,0.529210175,,,,,,,,,,
256,196.27,255.4747161,0.525283914,,,,,,,,,,
257,196.63,256.4789847,0.521015298,,,,,,,,,,
258,196.99,257.4835957,0.516404327,,,,,,,,,,
259,197.35,258.488549,0.511451,,,,,,,,,,
260,197.71,259.4938447,0.506155318,,,,,,,,,,
261,198.07,260.4994827,0.500517281,,,,,,,,,,
262,198.43,261.5054631,0.494536889,,,,,,,,,,
263,198.79,262.5117859,0.488214142,,,,,,,,,,
264,199.15,263.518451,0.481549039,,,,,,,,,,
265,199.51,264.5254584,0.474541581,,,,,,,,,,
266,199.87,265.5328082,0.467191767,,,,,,,,,,
267,200.23,266.5405004,0.459499599,,,,,,,,,,
268,200.59,267.5485349,0.451465075,,,,,,,,,,
269,200.95,268.5569118,0.443088196,,,,,,,,,,
270,201.31,269.565631,0.434368961,,,,,,,,,,
271,201.67,270.5746926,0.425307372,,,,,,,,,,
272,202.03,271.5840966,0.415903427,,,,,,,,,,
273,202.39,272.5938429,0.406157126,,,,,,,,,,
274,202.75,273.6039315,0.396068471,,,,,,,,,,
275,203.11,274.6143625,0.38563746,,,,,,,,,,
276,203.47,275.6251359,0.374864094,,,,,,,,,,
277,203.83,276.6362516,0.363748373,,,,,,,,,,
278,204.19,277.6477097,0.352290296,,,,,,,,,,
279,204.55,278.6595101,0.340489865,,,,,,,,,,
280,204.9,279.6435332,0.356466778,,,,,,,,,,
281,205.26,280.6560089,0.343991145,,,,,,,,,,
282,205.62,281.6688268,0.331173158,,,,,,,,,,
283,205.98,282.6819872,0.318012815,,,,,,,,,,
284,206.34,283.6954899,0.304510116,,,,,,,,,,
285,206.7,284.7093349,0.290665063,,,,,,,,,,
286,207.05,285.6953459,0.304654149,,,,,,,,,,
287,207.41,286.7098661,0.290133895,,,,,,,,,,
288,207.77,287.7247287,0.275271286,,,,,,,,,,
289,208.13,288.7399337,0.260066321,,,,,,,,,,
290,208.48,289.7272667,0.272733272,,,,,,,,,,
291,208.84,290.7431469,0.256853106,,,,,,,,,,
292,209.2,291.7593694,0.240630586,,,,,,,,,,
293,209.56,292.7759343,0.22406571,,,,,,,,,,
294,209.91,293.7645895,0.235410525,,,,,,,,,,
295,210.27,294.7818296,0.218170448,,,,,,,,,,
296,210.63,295.799412,0.200588016,,,,,,,,,,
297,210.98,296.7890565,0.210943541,,,,,,,,,,
298,211.34,297.8073141,0.192685908,,,,,,,,,,
299,211.7,298.8259141,0.17408592,,,,,,,,,,
300,212.05,299.8165478,0.183452154,,,,,,,,,,
301,212.41,300.835823,0.164176966,,,,,,,,,,
302,212.76,301.8271132,0.172886755,,,,,,,,,,
303,213.12,302.8470636,0.152936365,,,,,,,,,,
304,213.48,303.8673564,0.132643621,,,,,,,,,,
305,213.83,304.8596359,0.140364119,,,,,,,,,,
306,214.19,305.8806038,0.119396174,,,,,,,,,,
307,214.54,306.8735398,0.126460228,,,,,,,,,,
308,214.9,307.8951829,0.104817082,,,,,,,,,,
309,215.25,308.8887753,0.11122469,,,,,,,,,,
310,215.61,309.9110937,0.088906344,,,,,,,,,,
311,215.96,310.9053425,0.094657507,,,,,,,,,,
312,216.32,311.928336,0.07166396,,,,,,,,,,
313,216.67,312.9232413,0.076758678,,,,,,,,,,
314,217.03,313.9469101,0.05308993,,,,,,,,,,
315,217.38,314.9424718,0.057528203,,,,,,,,,,
316,217.74,315.9668157,0.033184254,,,,,,,,,,
317,218.09,316.9630339,0.036966082,,,,,,,,,,
318,218.44,317.9595757,0.04042431,,,,,,,,,,
319,218.8,318.9849277,0.015072316,,,,,,,,,,
320,219.15,319.9821259,0.017874099,,,,,,,,,,
321,219.51,321.0081531,0.008153096,,,,,,,,,,
322,219.86,322.0060078,0.006007758,,,,,,,,,,
323,220.21,323.004186,0.00418602,,,,,,,,,,
324,220.57,324.0312213,0.031221261,,,,,,,,,,
325,220.92,325.030056,0.030055968,,,,,,,,,,
326,221.27,326.0292143,0.029214275,,,,,,,,,,
327,221.63,327.0572576,0.057257562,,,,,,,,,,
328,221.98,328.0570723,0.057072314,,,,,,,,,,
329,222.33,329.0572107,0.057210665,,,,,,,,,,
330,222.68,330.0576726,0.057672616,,,,,,,,,,
331,223.04,331.0870568,0.087056795,,,,,,,,,,
332,223.39,332.0881752,0.088175191,,,,,,,,,,
333,223.74,333.0896172,0.089617187,,,,,,,,,,
334,224.09,334.0913828,0.091382782,,,,,,,,,,
335,224.45,335.1221079,0.122107852,,,,,,,,,,
336,224.8,336.1245299,0.124529893,,,,,,,,,,
337,225.15,337.1272755,0.127275533,,,,,,,,,,
338,225.5,338.1303448,0.130344773,,,,,,,,,,
339,225.85,339.1337376,0.133737613,,,,,,,,,,
340,226.21,340.1661364,0.16613642,,,,,,,,,,
341,226.56,341.1701857,0.170185705,,,,,,,,,,
342,226.91,342.1745586,0.174558589,,,,,,,,,,
343,227.26,343.1792551,0.179255073,,,,,,,,,,
344,227.61,344.1842752,0.184275157,,,,,,,,,,
345,227.96,345.1896188,0.189618841,,,,,,,,,,
346,228.31,346.1952861,0.195286124,,,,,,,,,,
347,228.66,347.201277,0.201277007,,,,,,,,,,
348,229.02,348.2363481,0.236348087,,,,,,,,,,
349,229.37,349.2429954,0.242995415,,,,,,,,,,
350,229.72,350.2499663,0.249966343,,,,,,,,,,
351,230.07,351.2572609,0.25726087,,,,,,,,,,
352,230.42,352.264879,0.264878997,,,,,,,,,,
353,230.77,353.2728207,0.272820724,,,,,,,,,,
354,231.12,354.2810861,0.281086051,,,,,,,,,,
355,231.47,355.289675,0.289674977,,,,,,,,,,
356,231.82,356.2985875,0.298587503,,,,,,,,,,
357,232.17,357.3078236,0.307823628,,,,,,,,,,
358,232.52,358.3173834,0.317383353,,,,,,,,,,
359,232.87,359.3272667,0.327266678,,,,,,,,,,
360,233.21,360.3086061,0.308606057,,,,,,,,,,
361,233.56,361.3191273,0.319127336,,,,,,,,,,
362,233.91,362.3299722,0.329972214,,,,,,,,,,
363,234.26,363.3411407,0.341140692,,,,,,,,,,
364,234.61,364.3526328,0.35263277,,,,,,,,,,
365,234.96,365.3644484,0.364448447,,,,,,,,,,
366,235.31,366.3765877,0.376587724,,,,,,,,,,
367,235.66,367.3890506,0.389050601,,,,,,,,,,
368,236,368.3728958,0.37289583,,,,,,,,,,
369,236.35,369.3859967,0.385996661,,,,,,,,,,
370,236.7,370.3994211,0.399421091,,,,,,,,,,
371,237.05,371.4131691,0.413169121,,,,,,,,,,
372,237.4,372.4272408,0.42724075,,,,,,,,,,
373,237.74,373.4126488,0.412648768,,,,,,,,,,
374,238.09,374.4273584,0.427358351,,,,,,,,,,
375,238.44,375.4423915,0.442391534,,,,,,,,,,
376,238.79,376.4577483,0.457748316,,,,,,,,,,
377,239.13,377.4444048,0.444404768,,,,,,,,,,
378,239.48,378.4603995,0.460399505,,,,,,,,,,
379,239.83,379.4767178,0.47671784,,,,,,,,,,
380,240.18,380.4933598,0.493359776,,,,,,,,,,
381,240.52,381.4812647,0.481264662,,,,,,,,,,
382,240.87,382.4985446,0.498544552,,,,,,,,,,
383,241.22,383.516148,0.516148041,,,,,,,,,,
384,241.56,384.504987,0.504987008,,,,,,,,,,
385,241.91,385.5232285,0.52322845,,,,,,,,,,
386,242.26,386.5417935,0.541793493,,,,,,,,,,
387,242.6,387.5315665,0.53156654,,,,,,,,,,
388,242.95,388.5507695,0.550769536,,,,,,,,,,
389,243.29,389.5411623,0.541162309,,,,,,,,,,
390,243.64,390.5610033,0.561003259,,,,,,,,,,
391,243.99,391.5811678,0.581167809,,,,,,,,,,
392,244.33,392.5724947,0.572494663,,,,,,,,,,
393,244.68,393.5932972,0.593297166,,,,,,,,,,
394,245.02,394.5852437,0.585243746,,,,,,,,,,
395,245.37,395.6066842,0.606684203,,,,,,,,,,
396,245.71,396.5992505,0.59925051,,,,,,,,,,
397,246.06,397.6213289,0.62132892,,,,,,,,,,
398,246.4,398.614515,0.614514954,,,,,,,,,,
399,246.75,399.6372313,0.637231318,,,,,,,,,,
400,247.09,400.6310371,0.631037078,,,,,,,,,,
401,247.44,401.6543914,0.654391395,,,,,,,,,,
402,247.78,402.6488169,0.648816882,,,,,,,,,,
403,248.13,403.6728092,0.672809153,,,,,,,,,,
404,248.47,404.6678544,0.667854366,,,,,,,,,,
405,248.81,405.663205,0.663204951,,,,,,,,,,
406,249.16,406.6881495,0.68814953,,,,,,,,,,
407,249.5,407.6841198,0.684119841,,,,,,,,,,
408,249.85,408.7097024,0.709702374,,,,,,,,,,
409,250.19,409.7062924,0.706292412,,,,,,,,,,
410,250.53,410.7031878,0.703187822,,,,,,,,,,
411,250.88,411.7297227,0.729722663,,,,,,,,,,
412,251.22,412.7272378,0.7272378,,,,,,,,,,
413,251.56,413.7250583,0.725058309,,,,,,,,,,
414,251.91,414.7525455,0.752545457,,,,,,,,,,
415,252.25,415.7509857,0.750985693,,,,,,,,,,
416,252.59,416.7497313,0.749731301,,,,,,,,,,
417,252.93,417.7487823,0.748782281,,,,,,,,,,
418,253.28,418.7775361,0.777536091,,,,,,,,,,
419,253.62,419.7772068,0.777206798,,,,,,,,,,
420,253.96,420.7771829,0.777182878,,,,,,,,,,
421,254.3,421.7774643,0.777464329,,,,,,,,,,
422,254.65,422.8074848,0.807484801,,,,,,,,,,
423,254.99,423.808386,0.808385979,,,,,,,,,,
424,255.33,424.8095925,0.80959253,,,,,,,,,,
425,255.67,425.8111045,0.811104453,,,,,,,,,,
426,256.01,426.8129217,0.812921749,,,,,,,,,,
427,256.35,427.8150444,0.815044417,,,,,,,,,,
428,256.7,428.8469603,0.846960258,,,,,,,,,,
429,257.04,429.8497027,0.849702652,,,,,,,,,,
430,257.38,430.8527504,0.852750419,,,,,,,,,,
431,257.72,431.8561036,0.856103559,,,,,,,,,,
432,258.06,432.8597621,0.859762071,,,,,,,,,,
433,258.4,433.863726,0.863725955,,,,,,,,,,
434,258.74,434.8679952,0.867995212,,,,,,,,,,
435,259.08,435.8725698,0.872569841,,,,,,,,,,
436,259.42,436.8774498,0.877449842,,,,,,,,,,
437,259.76,437.8826352,0.882635216,,,,,,,,,,
438,260.1,438.888126,0.888125963,,,,,,,,,,
439,260.44,439.8939221,0.893922082,,,,,,,,,,
440,260.78,440.9000236,0.900023573,,,,,,,,,,
441,261.12,441.9064304,0.906430437,,,,,,,,,,
442,261.46,442.9131427,0.913142673,,,,,,,,,,
443,261.8,443.9201603,0.920160282,,,,,,,,,,
444,262.14,444.9274833,0.927483263,,,,,,,,,,
445,262.48,445.9351116,0.935111617,,,,,,,,,,
446,262.82,446.9430453,0.943045343,,,,,,,,,,
447,263.16,447.9512844,0.951284441,,,,,,,,,,
448,263.5,448.9598289,0.959828912,,,,,,,,,,
449,263.84,449.9686788,0.968678755,,,,,,,,,,
450,264.18,450.977834,0.977833971,,,,,,,,,,
451,264.52,451.9872946,0.987294559,,,,,,,,,,
452,264.86,452.9970605,0.99706052,,,,,,,,,,
453,265.2,454.0071319,1.007131853,,,,,,,,,,
454,265.53,454.9877872,0.987787238,,,,,,,,,,
455,265.87,455.9984603,0.998460335,,,,,,,,,,
456,266.21,457.0094388,1.009438804,,,,,,,,,,
457,266.55,458.0207226,1.020722645,,,,,,,,,,
458,266.89,459.0323119,1.032311859,,,,,,,,,,
459,267.22,460.0144405,1.014440481,,,,,,,,,,
460,267.56,461.0266315,1.026631458,,,,,,,,,,
461,267.9,462.0391278,1.039127808,,,,,,,,,,
462,268.24,463.0519295,1.05192953,,,,,,,,,,
463,268.57,464.035235,1.035234998,,,,,,,,,,
464,268.91,465.0486385,1.048638483,,,,,,,,,,
465,269.25,466.0623473,1.062347341,,,,,,,,,,
466,269.59,467.0763616,1.076361571,,,,,,,,,,
467,269.92,468.0608439,1.060843886,,,,,,,,,,
468,270.26,469.0754599,1.07545988,,,,,,,,,,
469,270.6,470.0903812,1.090381246,,,,,,,,,,
470,270.93,471.075744,1.075744015,,,,,,,,,,
471,271.27,472.0912671,1.091267145,,,,,,,,,,
472,271.61,473.1070956,1.107095647,,,,,,,,,,
473,271.94,474.0933389,1.093338872,,,,,,,,,,
474,272.28,475.1097691,1.109769137,,,,,,,,,,
475,272.61,476.0965964,1.096596427,,,,,,,,,,
476,272.95,477.1136285,1.113628455,,,,,,,,,,
477,273.29,478.1309659,1.130965856,,,,,,,,,,
478,273.62,479.1186736,1.118673601,,,,,,,,,,
479,273.96,480.1366128,1.136612765,,,,,,,,,,
480,274.29,481.1249046,1.124904575,,,,,,,,,,
481,274.63,482.1434455,1.143445502,,,,,,,,,,
482,274.96,483.1323214,1.132321376,,,,,,,,,,
483,275.3,484.1514641,1.151464067,,,,,,,,,,
484,275.63,485.140924,1.140924005,,,,,,,,,,
485,275.97,486.1606685,1.16066846,,,,,,,,,,
486,276.3,487.1507125,1.150712462,,,,,,,,,,
487,276.64,488.1710587,1.17105868,,,,,,,,,,
488,276.97,489.1616867,1.161686747,,,,,,,,,,
489,277.31,490.1826347,1.182634728,,,,,,,,,,
490,277.64,491.1738469,1.173846859,,,,,,,,,,
491,277.98,492.1953966,1.195396604,,,,,,,,,,
492,278.31,493.1871928,1.1871928,,,,,,,,,,
493,278.64,494.1792767,1.179276669,,,,,,,,,,
494,278.98,495.2017246,1.201724568,,,,,,,,,,
495,279.31,496.1943925,1.194392501,,,,,,,,,,
496,279.64,497.1873481,1.187348109,,,,,,,,,,
497,279.98,498.2106942,1.210694162,,,,,,,,,,
498,280.31,499.2042338,1.204233833,,,,,,,,,,
499,280.64,500.1980612,1.198061179,,,,,,,,,,
500,280.98,501.2223054,1.222305386,,,,,,,,,,
501,281.31,502.2167168,1.216716795,,,,,,,,,,
502,281.64,503.2114159,1.211415879,,,,,,,,,,
503,281.98,504.2365582,1.23655824,,,,,,,,,,
504,282.31,505.2318414,1.231841388,,,,,,,,,,
505,282.64,506.2274122,1.227412209,,,,,,,,,,
506,282.97,507.2232707,1.223270704,,,,,,,,,,
507,283.31,508.2496076,1.24960761,,,,,,,,,,
508,283.64,509.2460502,1.246050169,,,,,,,,,,
509,283.97,510.2427804,1.242780402,,,,,,,,,,
510,284.3,511.2397983,1.239798308,,,,,,,,,,
511,284.63,512.2371039,1.237103888,,,,,,,,,,
512,284.97,513.2649317,1.26493173,,,,,,,,,,
513,285.3,514.2628214,1.262821374,,,,,,,,,,
514,285.63,515.2609987,1.260998692,,,,,,,,,,
515,285.96,516.2594637,1.259463683,,,,,,,,,,
516,286.29,517.2582163,1.258216348,,,,,,,,,,
517,286.62,518.2572567,1.257256686,,,,,,,,,,
518,286.95,519.2565847,1.256584697,,,,,,,,,,
519,287.29,520.2864963,1.286496258,,,,,,,,,,
520,287.62,521.2864083,1.286408334,,,,,,,,,,
521,287.95,522.2866081,1.286608084,,,,,,,,,,
522,288.28,523.2870955,1.287095507,,,,,,,,,,
523,288.61,524.2878706,1.287870603,,,,,,,,,,
524,288.94,525.2889334,1.288933374,,,,,,,,,,
525,289.27,526.2902838,1.290283817,,,,,,,,,,
526,289.6,527.2919219,1.291921935,,,,,,,,,,
527,289.93,528.2938477,1.293847725,,,,,,,,,,
528,290.26,529.2960612,1.29606119,,,,,,,,,,
529,290.59,530.2985623,1.298562327,,,,,,,,,,
530,290.92,531.3013511,1.301351139,,,,,,,,,,
531,291.25,532.3044276,1.304427624,,,,,,,,,,
532,291.58,533.3077918,1.307791782,,,,,,,,,,
533,291.91,534.3114436,1.311443614,,,,,,,,,,
534,292.24,535.3153831,1.315383119,,,,,,,,,,
535,292.56,536.2891749,1.289174945,,,,,,,,,,
536,292.89,537.2936811,1.29368108,,,,,,,,,,
537,293.22,538.2984749,1.298474889,,,,,,,,,,
538,293.55,539.3035564,1.303556371,,,,,,,,,,
539,293.88,540.3089255,1.308925526,,,,,,,,,,
540,294.21,541.3145824,1.314582355,,,,,,,,,,
541,294.54,542.3205269,1.320526858,,,,,,,,,,
542,294.86,543.2962629,1.296262924,,,,,,,,,,
543,295.19,544.3027741,1.302774056,,,,,,,,,,
544,295.52,545.3095729,1.309572862,,,,,,,,,,
545,295.85,546.3166593,1.316659341,,,,,,,,,,
546,296.18,547.3240335,1.324033494,,,,,,,,,,
547,296.5,548.3011559,1.301155887,,,,,,,,,,
548,296.83,549.3090967,1.30909667,,,,,,,,,,
549,297.16,550.3173251,1.317325126,,,,,,,,,,
550,297.49,551.3258413,1.325841255,,,,,,,,,,
551,297.81,552.304071,1.30407102,,,,,,,,,,
552,298.14,553.3131538,1.313153779,,,,,,,,,,
553,298.47,554.3225242,1.322524212,,,,,,,,,,
554,298.8,555.3321823,1.332182318,,,,,,,,,,
555,299.12,556.3115195,1.311519454,,,,,,,,,,
556,299.45,557.3217442,1.32174419,,,,,,,,,,
557,299.78,558.3322566,1.332256599,,,,,,,,,,
558,300.1,559.3124221,1.31242215,,,,,,,,,,
559,300.43,560.3235012,1.323501189,,,,,,,,,,
560,300.75,561.3042162,1.304216199,,,,,,,,,,
561,301.08,562.3158619,1.315861868,,,,,,,,,,
562,301.41,563.3277952,1.32779521,,,,,,,,,,
563,301.73,564.3093386,1.309338635,,,,,,,,,,
564,302.06,565.3218386,1.321838607,,,,,,,,,,
565,302.38,566.3039315,1.303931492,,,,,,,,,,
566,302.71,567.3169981,1.316998093,,,,,,,,,,
567,303.03,568.2996404,1.299640436,,,,,,,,,,
568,303.36,569.3132737,1.313273668,,,,,,,,,,
569,303.69,570.3271946,1.327194573,,,,,,,,,,
570,304.01,571.3106653,1.310665331,,,,,,,,,,
571,304.34,572.3251529,1.325152866,,,,,,,,,,
572,304.66,573.3091731,1.309173083,,,,,,,,,,
573,304.98,574.2934638,1.293463804,,,,,,,,,,
574,305.31,575.3087969,1.308796924,,,,,,,,,,
575,305.63,576.2936371,1.293637104,,,,,,,,,,
576,305.96,577.3095369,1.309536853,,,,,,,,,,
577,306.28,578.2949265,1.294926492,,,,,,,,,,
578,306.61,579.3113929,1.311392872,,,,,,,,,,
579,306.93,580.297332,1.297331969,,,,,,,,,,
580,307.25,581.2835416,1.28354157,,,,,,,,,,
581,307.58,582.3008535,1.300853535,,,,,,,,,,
582,307.9,583.2876126,1.287612595,,,,,,,,,,
583,308.23,584.3054912,1.30549119,,,,,,,,,,
584,308.55,585.2927997,1.292799709,,,,,,,,,,
585,308.87,586.2803787,1.280378731,,,,,,,,,,
586,309.2,587.2991029,1.299102912,,,,,,,,,,
587,309.52,588.2872314,1.287231392,,,,,,,,,,
588,309.84,589.2756304,1.275630376,,,,,,,,,,
589,310.16,590.2642999,1.264299862,,,,,,,,,,
590,310.49,591.2841486,1.284148585,,,,,,,,,,
591,310.81,592.2733675,1.273367531,,,,,,,,,,
592,311.13,593.262857,1.26285698,,,,,,,,,,
593,311.45,594.2526169,1.252616931,,,,,,,,,,
594,311.78,595.2735902,1.273590196,,,,,,,,,,
595,312.1,596.2638996,1.263899606,,,,,,,,,,
596,312.42,597.2544795,1.25447952,,,,,,,,,,
597,312.74,598.2453299,1.245329936,,,,,,,,,,
598,313.06,599.2364509,1.236450856,,,,,,,,,,
599,313.39,600.2588276,1.258827619,,,,,,,,,,
600,313.71,601.250498,1.250497997,,,,,,,,,,
601,314.03,602.2424389,1.242438878,,,,,,,,,,
602,314.35,603.2346503,1.234650263,,,,,,,,,,
603,314.67,604.2271321,1.22713215,,,,,,,,,,
604,314.99,605.2198845,1.21988454,,,,,,,,,,
605,315.31,606.2129074,1.212907433,,,,,,,,,,
606,315.64,607.2372456,1.237245606,,,,,,,,,,
607,315.96,608.230818,1.230817958,,,,,,,,,,
608,316.28,609.2246608,1.224660813,,,,,,,,,,
609,316.6,610.2187742,1.218774171,,,,,,,,,,
610,316.92,611.213158,1.213158032,,,,,,,,,,
611,317.24,612.2078124,1.207812396,,,,,,,,,,
612,317.56,613.2027373,1.202737263,,,,,,,,,,
613,317.88,614.1979326,1.197932632,,,,,,,,,,
614,318.2,615.1933985,1.193398505,,,,,,,,,,
615,318.52,616.1891349,1.18913488,,,,,,,,,,
616,318.84,617.1851418,1.185141759,,,,,,,,,,
617,319.16,618.1814191,1.18141914,,,,,,,,,,
618,319.48,619.177967,1.177967024,,,,,,,,,,
619,319.8,620.1747854,1.174785412,,,,,,,,,,
620,320.12,621.1718743,1.171874302,,,,,,,,,,
621,320.43,622.1380621,1.138062119,,,,,,,,,,
622,320.75,623.1356836,1.135683562,,,,,,,,,,
623,321.07,624.1335755,1.133575508,,,,,,,,,,
624,321.39,625.131738,1.131737956,,,,,,,,,,
625,321.71,626.1301709,1.130170908,,,,,,,,,,
626,322.03,627.1288744,1.128874362,,,,,,,,,,
627,322.35,628.1278483,1.12784832,,,,,,,,,,
628,322.67,629.1270928,1.12709278,,,,,,,,,,
629,322.98,630.0953688,1.095368806,,,,,,,,,,
630,323.3,631.0951458,1.095145819,,,,,,,,,,
631,323.62,632.0951933,1.095193335,,,,,,,,,,
632,323.94,633.0955114,1.095511354,,,,,,,,,,
633,324.26,634.0960999,1.096099875,,,,,,,,,,
634,324.57,635.065678,1.065677961,,,,,,,,,,
635,324.89,636.066799,1.066799035,,,,,,,,,,
636,325.21,637.0681906,1.068190613,,,,,,,,,,
637,325.53,638.0698527,1.069852693,,,,,,,,,,
638,325.84,639.0404708,1.040470788,,,,,,,,,,
639,326.16,640.0426654,1.042665421,,,,,,,,,,
640,326.48,641.0451306,1.045130557,,,,,,,,,,
641,326.79,642.0165266,1.016526612,,,,,,,,,,
642,327.11,643.0195243,1.019524301,,,,,,,,,,
643,327.43,644.0227925,1.022792492,,,,,,,,,,
644,327.74,644.9949665,0.994966507,,,,,,,,,,
645,328.06,645.9987673,0.998767251,,,,,,,,,,
646,328.38,647.0028385,1.002838498,,,,,,,,,,
647,328.69,647.9757905,0.975790474,,,,,,,,,,
648,329.01,648.9803943,0.980394273,,,,,,,,,,
649,329.32,649.9538622,0.953862159,,,,,,,,,,
650,329.64,650.9589985,0.958998511,,,,,,,,,,
651,329.96,651.9644054,0.964405367,,,,,,,,,,
652,330.27,652.9386512,0.938651213,,,,,,,,,,
653,330.59,653.9445906,0.94459062,,,,,,,,,,
654,330.9,654.9193524,0.919352377,,,,,,,,,,
655,331.22,655.9258243,0.925824337,,,,,,,,,,
656,331.53,656.901102,0.901102004,,,,,,,,,,
657,331.85,657.9081065,0.908106517,,,,,,,,,,
658,332.16,658.8839001,0.883900094,,,,,,,,,,
659,332.48,659.8914372,0.891437159,,,,,,,,,,
660,332.79,660.8677466,0.867746647,,,,,,,,,,
661,333.11,661.8758163,0.875816265,,,,,,,,,,
662,333.42,662.8526417,0.852641663,,,,,,,,,,
663,333.74,663.8612438,0.861243834,,,,,,,,,,
664,334.05,664.8385851,0.838585142,,,,,,,,,,
665,334.36,665.8161803,0.816180311,,,,,,,,,,
666,334.68,666.8255771,0.825577084,,,,,,,,,,
667,334.99,667.8036882,0.803688164,,,,,,,,,,
668,335.31,668.8136175,0.813617489,,,,,,,,,,
669,335.62,669.7922445,0.792244479,,,,,,,,,,
670,335.93,670.7711253,0.771125329,,,,,,,,,,
671,336.25,671.7818493,0.781849257,,,,,,,,,,
672,336.56,672.761246,0.761246018,,,,,,,,,,
673,336.87,673.7408966,0.740896639,,,,,,,,,,
674,337.18,674.7208011,0.720801121,,,,,,,,,,
675,337.5,675.7325817,0.732581702,,,,,,,,,,
676,337.81,676.7130021,0.713002094,,,,,,,,,,
677,338.12,677.6936763,0.693676347,,,,,,,,,,
678,338.44,678.7062515,0.706251529,,,,,,,,,,
679,338.75,679.6874417,0.687441693,,,,,,,,,,
680,339.06,680.6688857,0.668885717,,,,,,,,,,
681,339.37,681.6505836,0.650583601,,,,,,,,,,
682,339.69,682.6642154,0.664215436,,,,,,,,,,
683,340,683.6464292,0.646429231,,,,,,,,,,
684,340.31,684.6288969,0.628896887,,,,,,,,,,
685,340.62,685.6116184,0.611618403,,,,,,,,,,
686,340.93,686.5945938,0.59459378,,,,,,,,,,
687,341.24,687.577823,0.577823017,,,,,,,,,,
688,341.56,688.5930356,0.593035604,,,,,,,,,,
689,341.87,689.5767808,0.576780752,,,,,,,,,,
690,342.18,690.5607798,0.56077976,,,,,,,,,,
691,342.49,691.5450326,0.54503263,,,,,,,,,,
692,342.8,692.5295394,0.529539359,,,,,,,,,,
693,343.11,693.5143,0.51429995,,,,,,,,,,
694,343.42,694.4993144,0.499314401,,,,,,,,,,
695,343.73,695.4845827,0.484582713,,,,,,,,,,
696,344.04,696.4701049,0.470104886,,,,,,,,,,
697,344.35,697.4558809,0.455880919,,,,,,,,,,
698,344.66,698.4419108,0.441910813,,,,,,,,,,
699,344.97,699.4281946,0.428194567,,,,,,,,,,
700,345.28,700.4147322,0.414732183,,,,,,,,,,
701,345.59,701.4015237,0.401523658,,,,,,,,,,
702,345.9,702.388569,0.388568995,,,,,,,,,,
703,346.21,703.3758682,0.375868192,,,,,,,,,,
704,346.52,704.3634212,0.36342125,,,,,,,,,,
705,346.83,705.3512282,0.351228168,,,,,,,,,,
706,347.14,706.3392889,0.339288948,,,,,,,,,,
707,347.45,707.3276036,0.327603587,,,,,,,,,,
708,347.76,708.3161721,0.316172088,,,,,,,,,,
709,348.07,709.3049944,0.304994449,,,,,,,,,,
710,348.38,710.2940707,0.294070671,,,,,,,,,,
711,348.69,711.2834008,0.283400753,,,,,,,,,,
712,348.99,712.2410587,0.241058671,,,,,,,,,,
713,349.3,713.2308883,0.230888286,,,,,,,,,,
714,349.61,714.2209718,0.220971761,,,,,,,,,,
715,349.92,715.2113091,0.211309097,,,,,,,,,,
716,350.23,716.2019003,0.201900293,,,,,,,,,,
717,350.54,717.1927454,0.192745351,,,,,,,,,,
718,350.84,718.1518694,0.151869373,,,,,,,,,,
719,351.15,719.143214,0.143213963,,,,,,,,,,
720,351.46,720.1348124,0.134812413,,,,,,,,,,
721,351.77,721.1266647,0.126664724,,,,,,,,,,
722,352.08,722.1187709,0.118770896,,,,,,,,,,
723,352.38,723.0791154,0.079115351,,,,,,,,,,
724,352.69,724.0717211,0.071721055,,,,,,,,,,
725,353,725.0645806,0.064580619,,,,,,,,,,
726,353.3,726.0256542,0.025654165,,,,,,,,,,
727,353.61,727.0190133,0.019013262,,,,,,,,,,
728,353.92,728.0126262,0.012626219,,,,,,,,,,
729,354.22,728.9744289,0.025571145,,,,,,,,,,
730,354.53,729.9685413,0.031458656,,,,,,,,,,
731,354.84,730.9629077,0.037092305,,,,,,,,,,
732,355.14,731.9254394,0.07456058,,,,,,,,,,
733,355.45,732.9203053,0.079694697,,,,,,,,,,
734,355.76,733.915425,0.084574954,,,,,,,,,,
735,356.06,734.8786859,0.121314139,,,,,,,,,,
736,356.37,735.8743051,0.125694863,,,,,,,,,,
737,356.67,736.8380494,0.16195063,,,,,,,,,,
738,356.98,737.8341682,0.165831822,,,,,,,,,,
739,357.28,738.7983958,0.20160417,,,,,,,,,,
740,357.59,739.7950142,0.20498583,,,,,,,,,,
741,357.9,740.7918864,0.208113629,,,,,,,,,,
742,358.2,741.7568431,0.243156887,,,,,,,,,,
743,358.51,742.7542148,0.245785155,,,,,,,,,,
744,358.81,743.719655,0.280344994,,,,,,,,,,
745,359.12,744.7175263,0.282473729,,,,,,,,,,
746,359.42,745.6834498,0.316550151,,,,,,,,,,
747,359.72,746.6496112,0.350388825,,,,,,,,,,
748,360.03,747.6482276,0.351772356,,,,,,,,,,
749,360.33,748.6148724,0.385127613,,,,,,,,,,
750,360.64,749.6139884,0.386011611,,,,,,,,,,
751,360.94,750.5811166,0.41888345,,,,,,,,,,
752,361.25,751.5807321,0.419267916,,,,,,,,,,
753,361.55,752.5483437,0.451656336,,,,,,,,,,
754,361.85,753.516193,0.483807009,,,,,,,,,,
755,362.16,754.5165537,0.483446271,,,,,,,,,,
756,362.46,755.4848865,0.515113526,,,,,,,,,,
757,362.76,756.453457,0.546543034,,,,,,,,,,
758,363.07,757.4545629,0.545437093,,,,,,,,,,
759,363.37,758.4236168,0.576383183,,,,,,,,,,
760,363.67,759.3929085,0.607091526,,,,,,,,,,
761,363.98,760.3947596,0.605240381,,,,,,,,,,
762,364.28,761.3645347,0.635465305,,,,,,,,,,
763,364.58,762.3345475,0.665452483,,,,,,,,,,
764,364.89,763.3371439,0.662856134,,,,,,,,,,
765,365.19,764.3076401,0.692359894,,,,,,,,,,
766,365.49,765.2783741,0.721625907,,,,,,,,,,
767,365.79,766.2493458,0.750654173,,,,,,,,,,
768,366.1,767.2529331,0.747066949,,,,,,,,,,
769,366.4,768.2243882,0.775611797,,,,,,,,,,
770,366.7,769.1960811,0.803918898,,,,,,,,,,
771,367,770.1680117,0.831988252,,,,,,,,,,
772,367.3,771.1401801,0.85981986,,,,,,,,,,
773,367.6,772.1125863,0.887413721,,,,,,,,,,
774,367.91,773.1176557,0.882344278,,,,,,,,,,
775,368.21,774.0905453,0.909454721,,,,,,,,,,
776,368.51,775.0636726,0.936327417,,,,,,,,,,
777,368.81,776.0370376,0.962962366,,,,,,,,,,
778,369.11,777.0106404,0.989359569,,,,,,,,,,
779,369.41,777.984481,1.015519025,,,,,,,,,,
780,369.71,778.9585593,1.041440734,,,,,,,,,,
781,370.01,779.9328753,1.067124696,,,,,,,,,,
782,370.31,780.9074291,1.092570912,,,,,,,,,,
783,370.61,781.8822206,1.117779381,,,,,,,,,,
784,370.91,782.8572499,1.142750103,,,,,,,,,,
785,371.21,783.8325169,1.167483079,,,,,,,,,,
786,371.51,784.8080217,1.191978308,,,,,,,,,,
787,371.81,785.7837642,1.21623579,,,,,,,,,,
788,372.11,786.7597445,1.240255526,,,,,,,,,,
789,372.41,787.7359625,1.264037515,,,,,,,,,,
790,372.71,788.7124182,1.287581757,,,,,,,,,,
791,373.01,789.6891117,1.310888252,,,,,,,,,,
792,373.31,790.666043,1.333957001,,,,,,,,,,
793,373.61,791.643212,1.356788003,,,,,,,,,,
794,373.91,792.6206187,1.379381258,,,,,,,,,,
795,374.21,793.5982632,1.401736766,,,,,,,,,,
796,374.51,794.5761455,1.423854528,,,,,,,,,,
797,374.81,795.5542655,1.445734543,,,,,,,,,,
798,375.11,796.5326232,1.467376812,,,,,,,,,,
799,375.41,797.5112187,1.488781333,,,,,,,,,,
800,375.7,798.4574203,1.542579713,,,,,,,,,,
801,376,799.4364833,1.563516666,,,,,,,,,,
802,376.3,800.4157841,1.584215872,,,,,,,,,,
803,376.6,801.3953227,1.604677332,,,,,,,,,,
804,376.9,802.375099,1.624901045,,,,,,,,,,
805,377.19,803.322442,1.677557976,,,,,,,,,,
806,377.49,804.3026859,1.69731412,,,,,,,,,,
807,377.79,805.2831675,1.716832518,,,,,,,,,,
808,378.09,806.2638868,1.736113169,,,,,,,,,,
809,378.39,807.2448439,1.755156074,,,,,,,,,,
810,378.68,808.1933284,1.806671556,,,,,,,,,,
811,378.98,809.1747531,1.825246892,,,,,,,,,,
812,379.28,810.1564155,1.843584481,,,,,,,,,,
813,379.57,811.1055818,1.894418159,,,,,,,,,,
814,379.87,812.0877118,1.91228818,,,,,,,,,,
815,380.17,813.0700795,1.929920454,,,,,,,,,,
816,380.46,814.0199277,1.980072327,,,,,,,,,,
817,380.76,815.002763,1.997237032,,,,,,,,,,
818,381.06,815.985836,2.014163991,,,,,,,,,,
819,381.35,816.9363659,2.063634059,,,,,,,,,,
820,381.65,817.9199066,2.080093449,,,,,,,,,,
821,381.95,818.9036849,2.096315093,,,,,,,,,,
822,382.24,819.8548966,2.145103356,,,,,,,,,,
823,382.54,820.8391426,2.160857431,,,,,,,,,,
824,382.83,821.7908063,2.209193712,,,,,,,,,,
825,383.13,822.7755198,2.224480218,,,,,,,,,,
826,383.42,823.7276355,2.272364516,,,,,,,,,,
827,383.72,824.7128165,2.287183454,,,,,,,,,,
828,384.01,825.6653842,2.334615769,,,,,,,,,,
829,384.31,826.6510329,2.348967138,,,,,,,,,,
830,384.6,827.6040525,2.39594747,,,,,,,,,,
831,384.9,828.5901687,2.409831271,,,,,,,,,,
832,385.19,829.5436404,2.45635962,,,,,,,,,,
833,385.49,830.5302241,2.469775852,,,,,,,,,,
834,385.78,831.4841478,2.515852219,,,,,,,,,,
835,386.08,832.4711991,2.528800882,,,,,,,,,,
836,386.37,833.4255747,2.574425266,,,,,,,,,,
837,386.67,834.4130936,2.586906361,,,,,,,,,,
838,386.96,835.3679212,2.632078761,,,,,,,,,,
839,387.25,836.322971,2.677029001,,,,,,,,,,
840,387.55,837.3111873,2.688812705,,,,,,,,,,
841,387.84,838.266689,2.733310962,,,,,,,,,,
842,388.14,839.2553729,2.744627098,,,,,,,,,,
843,388.43,840.2113266,2.788673372,,,,,,,,,,
844,388.72,841.1675025,2.832497484,,,,,,,,,,
845,389.02,842.1568838,2.84311623,,,,,,,,,,
846,389.31,843.1135116,2.886488359,,,,,,,,,,
847,389.6,844.0703617,2.929638328,,,,,,,,,,
848,389.9,845.0604403,2.939559683,,,,,,,,,,
849,390.19,846.0177423,2.982257669,,,,,,,,,,
850,390.48,846.9752665,3.024733493,,,,,,,,,,
, ,,,,,,,,,,,,
, ,,,,,,,,,,,,
, ,,,,,,,,,,,,
, ,,,,,,,,,,,,
, ,,,,,,,,,,,,
, ,,,,,,,,,,,,
, ,,,,,,,,,,,,
, ,,,,,,,,,,,,
, ,,,,,,,,,,,,
